model,class,precision,recall,f1-score,support
Random Forest,Non-germinated,0.7989208633093525,0.7603560424512154,0.779161550605157,2921.0
Random Forest,Germinated,0.6266666666666667,0.6776239907727797,0.6511499030202272,1734.0
Random Forest,macro avg,0.7127937649880096,0.7189900166119976,0.7151557268126921,4655.0
Random Forest,weighted avg,0.7347557125084037,0.7295381310418905,0.7314768681320597,4655.0
Linear SVM,Non-germinated,0.7964273677114931,0.8089695309825402,0.8026494565217391,2921.0
Linear SVM,Germinated,0.669431279620853,0.6516724336793541,0.6604324956165984,1734.0
Linear SVM,macro avg,0.7329293236661731,0.7303209823309471,0.7315409760691688,4655.0
Linear SVM,weighted avg,0.749120983877085,0.750375939849624,0.7496732566915535,4655.0
