,Value,Num DF,Den DF,F Value,Pr > F
Wilks' lambda,0.8407078095209306,60,60483.00911711517,45.81878586548593,0.0
Pillai's trace,0.16354335545818932,60.0,61988.0,44.04118373380355,0.0
Hotelling-Lawley trace,0.18445230232052987,60,48016.49214267638,47.627568259564974,0.0
Roy's greatest root,0.153416592496843,15,15497,158.4997955949051,0.0
