Feature,PC1,PC2,explained_variance_ratio_PC1,explained_variance_ratio_PC2
Length,1.2104141477625763,-2.1147050626210415,0.729875492625611,0.2594541220941903
Width,1.2022734225427123,2.12790622883775,0.729875492625611,0.2594541220941903
Area,1.741799705618905,0.004709640396225385,0.729875492625611,0.2594541220941903
Perimeter,1.7480188768573197,-0.003924115923229846,0.729875492625611,0.2594541220941903
