model,threshold,validation_f1_macro,balanced_accuracy,f1_macro,f1_germinated,recall_no_germination,recall_germination,precision_no_germination,precision_germination,roc_auc,pr_auc,tn,fp,fn,tp
Linear SVM,0.48499999999999993,0.7489114464762041,0.7301170387574853,0.7313092427134054,0.6602395559450774,0.8085616438356165,0.6516724336793541,0.7962900505902192,0.6690349319123742,0.8052445252879556,0.6707837116997516,2361,559,604,1130
Random Forest,0.4599999999999999,0.7276257126316866,0.7360941919072221,0.7244683632309432,0.6762177650429799,0.7236301369863014,0.748558246828143,0.82895253040408,0.6166270783847981,0.7963970983236162,0.6481147032132245,2113,807,436,1298
