model,threshold,validation_f1_macro,balanced_accuracy,f1_macro,f1_germinated,recall_no_germination,recall_germination,precision_no_germination,precision_germination,roc_auc,pr_auc,tn,fp,fn,tp
Linear SVM,0.49999999999999994,0.7557240077457823,0.7303209823309471,0.7315409760691688,0.6604324956165984,0.8089695309825402,0.6516724336793541,0.7964273677114931,0.669431279620853,0.8053091264900749,0.6656115774252447,2363,558,604,1130
Random Forest,0.5099999999999999,0.73306323007728,0.7189900166119976,0.7151557268126921,0.6511499030202272,0.7603560424512154,0.6776239907727797,0.7989208633093525,0.6266666666666667,0.7921982051777151,0.6532578436582105,2221,700,559,1175
